{"velocidade_media": 17211.53466555187, "aceleracao_media": 286.8548541773082, "distancia": 10, "distancia_total": 9294228.71939801, "altura_maxima": 7557064.427129942}