{"velocidade_media": 0.24741276087598088, "aceleracao_media": 6.663079168852887e-05, "distancia": 10, "distancia_total": 133.60289087302968, "altura_maxima": 0.0015615580164355944}