{"velocidade_media": 0.24741276087598088, "aceleracao_media": 6.663079168852887e-05, "distancia": 30}